cell_id,strain,well,condition,batch,strain_group
B6G7_A1_S1_L001,B6G7,A1,CD45pos_MHCIIpos,batch1,B6G7
B6G7_A10_S10_L001,B6G7,A10,CD45pos_MHCIIpos,batch1,B6G7
B6G7_A11_S11_L001,B6G7,A11,CD45pos_MHCIIpos,batch1,B6G7
B6G7_A12_S12_L001,B6G7,A12,CD45pos_MHCIIpos,batch1,B6G7
B6G7_A2_S2_L001,B6G7,A2,CD45pos_MHCIIpos,batch1,B6G7
B6G7_A3_S3_L001,B6G7,A3,CD45pos_MHCIIpos,batch1,B6G7
B6G7_A4_S4_L001,B6G7,A4,CD45pos_MHCIIpos,batch1,B6G7
B6G7_A5_S5_L001,B6G7,A5,CD45pos_MHCIIpos,batch1,B6G7
B6G7_A6_S6_L001,B6G7,A6,CD45pos_MHCIIpos,batch1,B6G7
B6G7_A7_S7_L001,B6G7,A7,CD45pos_MHCIIpos,batch1,B6G7
B6G7_A8_S8_L001,B6G7,A8,CD45pos_MHCIIpos,batch1,B6G7
B6G7_A9_S9_L001,B6G7,A9,CD45pos_MHCIIpos,batch1,B6G7
B6G7_B1_S13_L001,B6G7,B1,CD45neg_MHCIIlo,batch1,B6G7
B6G7_B10_S22_L001,B6G7,B10,CD45neg_MHCIIlo,batch1,B6G7
B6G7_B11_S23_L001,B6G7,B11,CD45neg_MHCIIlo,batch1,B6G7
B6G7_B12_S24_L001,B6G7,B12,CD45neg_MHCIIlo,batch1,B6G7
B6G7_B2_S14_L001,B6G7,B2,CD45neg_MHCIIlo,batch1,B6G7
B6G7_B3_S15_L001,B6G7,B3,CD45neg_MHCIIlo,batch1,B6G7
B6G7_B4_S16_L001,B6G7,B4,CD45neg_MHCIIlo,batch1,B6G7
B6G7_B5_S17_L001,B6G7,B5,CD45neg_MHCIIlo,batch1,B6G7
B6G7_B6_S18_L001,B6G7,B6,CD45neg_MHCIIlo,batch1,B6G7
B6G7_B7_S19_L001,B6G7,B7,CD45neg_MHCIIlo,batch1,B6G7
B6G7_B8_S20_L001,B6G7,B8,CD45neg_MHCIIlo,batch1,B6G7
B6G7_B9_S21_L001,B6G7,B9,CD45neg_MHCIIlo,batch1,B6G7
B6G7_C1_S25_L001,B6G7,C1,CD45neg_MHCIIlo,batch1,B6G7
B6G7_C10_S34_L001,B6G7,C10,CD45neg_MHCIIlo,batch1,B6G7
B6G7_C11_S35_L001,B6G7,C11,CD45neg_MHCIIlo,batch1,B6G7
B6G7_C12_S36_L001,B6G7,C12,CD45neg_MHCIIlo,batch1,B6G7
B6G7_C2_S26_L001,B6G7,C2,CD45neg_MHCIIlo,batch1,B6G7
B6G7_C3_S27_L001,B6G7,C3,CD45neg_MHCIIlo,batch1,B6G7
B6G7_C4_S28_L001,B6G7,C4,CD45neg_MHCIIlo,batch1,B6G7
B6G7_C5_S29_L001,B6G7,C5,CD45neg_MHCIIlo,batch1,B6G7
B6G7_C6_S30_L001,B6G7,C6,CD45neg_MHCIIlo,batch1,B6G7
B6G7_C7_S31_L001,B6G7,C7,CD45neg_MHCIIlo,batch1,B6G7
B6G7_C8_S32_L001,B6G7,C8,CD45neg_MHCIIlo,batch1,B6G7
B6G7_C9_S33_L001,B6G7,C9,CD45neg_MHCIIlo,batch1,B6G7
B6G7_D1_S37_L001,B6G7,D1,CD45neg_MHCIIlo,batch1,B6G7
B6G7_D10_S46_L001,B6G7,D10,CD45neg_MHCIIlo,batch1,B6G7
B6G7_D11_S47_L001,B6G7,D11,CD45neg_MHCIIlo,batch1,B6G7
B6G7_D12_S48_L001,B6G7,D12,CD45neg_MHCIIlo,batch1,B6G7
B6G7_D2_S38_L001,B6G7,D2,CD45neg_MHCIIlo,batch1,B6G7
B6G7_D3_S39_L001,B6G7,D3,CD45neg_MHCIIlo,batch1,B6G7
B6G7_D4_S40_L001,B6G7,D4,CD45neg_MHCIIlo,batch1,B6G7
B6G7_D5_S41_L001,B6G7,D5,CD45neg_MHCIIlo,batch1,B6G7
B6G7_D6_S42_L001,B6G7,D6,CD45neg_MHCIIlo,batch1,B6G7
B6G7_D7_S43_L001,B6G7,D7,CD45neg_MHCIIlo,batch1,B6G7
B6G7_D8_S44_L001,B6G7,D8,CD45neg_MHCIIlo,batch1,B6G7
B6G7_D9_S45_L001,B6G7,D9,CD45neg_MHCIIlo,batch1,B6G7
B6G7_E1_S49_L001,B6G7,E1,CD45neg_MHCIIlo,batch1,B6G7
B6G7_E10_S58_L001,B6G7,E10,CD45neg_MHCIIhi,batch1,B6G7
B6G7_E11_S59_L001,B6G7,E11,CD45neg_MHCIIhi,batch1,B6G7
B6G7_E12_S60_L001,B6G7,E12,CD45neg_MHCIIhi,batch1,B6G7
B6G7_E2_S50_L001,B6G7,E2,CD45neg_MHCIIlo,batch1,B6G7
B6G7_E3_S51_L001,B6G7,E3,CD45neg_MHCIIlo,batch1,B6G7
B6G7_E4_S52_L001,B6G7,E4,CD45neg_MHCIIlo,batch1,B6G7
B6G7_E5_S53_L001,B6G7,E5,CD45neg_MHCIIlo,batch1,B6G7
B6G7_E6_S54_L001,B6G7,E6,CD45neg_MHCIIlo,batch1,B6G7
B6G7_E7_S55_L001,B6G7,E7,CD45neg_MHCIIhi,batch1,B6G7
B6G7_E8_S56_L001,B6G7,E8,CD45neg_MHCIIhi,batch1,B6G7
B6G7_E9_S57_L001,B6G7,E9,CD45neg_MHCIIhi,batch1,B6G7
B6G7_F1_S61_L001,B6G7,F1,CD45neg_MHCIIhi,batch1,B6G7
B6G7_F10_S70_L001,B6G7,F10,CD45neg_MHCIIhi,batch1,B6G7
B6G7_F11_S71_L001,B6G7,F11,CD45neg_MHCIIhi,batch1,B6G7
B6G7_F12_S72_L001,B6G7,F12,CD45neg_MHCIIhi,batch1,B6G7
B6G7_F2_S62_L001,B6G7,F2,CD45neg_MHCIIhi,batch1,B6G7
B6G7_F3_S63_L001,B6G7,F3,CD45neg_MHCIIhi,batch1,B6G7
B6G7_F4_S64_L001,B6G7,F4,CD45neg_MHCIIhi,batch1,B6G7
B6G7_F5_S65_L001,B6G7,F5,CD45neg_MHCIIhi,batch1,B6G7
B6G7_F6_S66_L001,B6G7,F6,CD45neg_MHCIIhi,batch1,B6G7
B6G7_F7_S67_L001,B6G7,F7,CD45neg_MHCIIhi,batch1,B6G7
B6G7_F8_S68_L001,B6G7,F8,CD45neg_MHCIIhi,batch1,B6G7
B6G7_F9_S69_L001,B6G7,F9,CD45neg_MHCIIhi,batch1,B6G7
B6G7_G1_S73_L001,B6G7,G1,CD45neg_MHCIIhi,batch1,B6G7
B6G7_G10_S82_L001,B6G7,G10,CD45neg_MHCIIhi,batch1,B6G7
B6G7_G11_S83_L001,B6G7,G11,CD45neg_MHCIIhi,batch1,B6G7
B6G7_G12_S84_L001,B6G7,G12,CD45neg_MHCIIhi,batch1,B6G7
B6G7_G2_S74_L001,B6G7,G2,CD45neg_MHCIIhi,batch1,B6G7
B6G7_G3_S75_L001,B6G7,G3,CD45neg_MHCIIhi,batch1,B6G7
B6G7_G4_S76_L001,B6G7,G4,CD45neg_MHCIIhi,batch1,B6G7
B6G7_G5_S77_L001,B6G7,G5,CD45neg_MHCIIhi,batch1,B6G7
B6G7_G6_S78_L001,B6G7,G6,CD45neg_MHCIIhi,batch1,B6G7
B6G7_G7_S79_L001,B6G7,G7,CD45neg_MHCIIhi,batch1,B6G7
B6G7_G8_S80_L001,B6G7,G8,CD45neg_MHCIIhi,batch1,B6G7
B6G7_G9_S81_L001,B6G7,G9,CD45neg_MHCIIhi,batch1,B6G7
B6G7_H1_S85_L001,B6G7,H1,CD45neg_MHCIIhi,batch1,B6G7
B6G7_H10_S94_L001,B6G7,H10,CD45neg_MHCIIhi,batch1,B6G7
B6G7_H11_S95_L001,B6G7,H11,CD45neg_MHCIIhi,batch1,B6G7
B6G7_H12_S96_L001,B6G7,H12,CD45neg_MHCIIhi,batch1,B6G7
B6G7_H2_S86_L001,B6G7,H2,CD45neg_MHCIIhi,batch1,B6G7
B6G7_H3_S87_L001,B6G7,H3,CD45neg_MHCIIhi,batch1,B6G7
B6G7_H4_S88_L001,B6G7,H4,CD45neg_MHCIIhi,batch1,B6G7
B6G7_H5_S89_L001,B6G7,H5,CD45neg_MHCIIhi,batch1,B6G7
B6G7_H6_S90_L001,B6G7,H6,CD45neg_MHCIIhi,batch1,B6G7
B6G7_H7_S91_L001,B6G7,H7,CD45neg_MHCIIhi,batch1,B6G7
B6G7_H8_S92_L001,B6G7,H8,CD45neg_MHCIIhi,batch1,B6G7
B6G7_H9_S93_L001,B6G7,H9,CD45neg_MHCIIhi,batch1,B6G7
B6MHCIIGFP_A1_S97_L001,B6MHCIIGFP,A1,CD45pos_MHCIIpos,batch1,B6MHCIIGFP
B6MHCIIGFP_A10_S106_L001,B6MHCIIGFP,A10,CD45pos_MHCIIpos,batch1,B6MHCIIGFP
B6MHCIIGFP_A11_S107_L001,B6MHCIIGFP,A11,CD45pos_MHCIIpos,batch1,B6MHCIIGFP
B6MHCIIGFP_A12_S108_L001,B6MHCIIGFP,A12,CD45pos_MHCIIpos,batch1,B6MHCIIGFP
B6MHCIIGFP_A2_S98_L001,B6MHCIIGFP,A2,CD45pos_MHCIIpos,batch1,B6MHCIIGFP
B6MHCIIGFP_A3_S99_L001,B6MHCIIGFP,A3,CD45pos_MHCIIpos,batch1,B6MHCIIGFP
B6MHCIIGFP_A4_S100_L001,B6MHCIIGFP,A4,CD45pos_MHCIIpos,batch1,B6MHCIIGFP
B6MHCIIGFP_A5_S101_L001,B6MHCIIGFP,A5,CD45pos_MHCIIpos,batch1,B6MHCIIGFP
B6MHCIIGFP_A6_S102_L001,B6MHCIIGFP,A6,CD45pos_MHCIIpos,batch1,B6MHCIIGFP
B6MHCIIGFP_A7_S103_L001,B6MHCIIGFP,A7,CD45pos_MHCIIpos,batch1,B6MHCIIGFP
B6MHCIIGFP_A8_S104_L001,B6MHCIIGFP,A8,CD45pos_MHCIIpos,batch1,B6MHCIIGFP
B6MHCIIGFP_A9_S105_L001,B6MHCIIGFP,A9,CD45pos_MHCIIpos,batch1,B6MHCIIGFP
B6MHCIIGFP_B1_S109_L001,B6MHCIIGFP,B1,CD45neg_MHCIIlo,batch1,B6MHCIIGFP
B6MHCIIGFP_B10_S118_L001,B6MHCIIGFP,B10,CD45neg_MHCIIlo,batch1,B6MHCIIGFP
B6MHCIIGFP_B11_S119_L001,B6MHCIIGFP,B11,CD45neg_MHCIIlo,batch1,B6MHCIIGFP
B6MHCIIGFP_B12_S120_L001,B6MHCIIGFP,B12,CD45neg_MHCIIlo,batch1,B6MHCIIGFP
B6MHCIIGFP_B2_S110_L001,B6MHCIIGFP,B2,CD45neg_MHCIIlo,batch1,B6MHCIIGFP
B6MHCIIGFP_B3_S111_L001,B6MHCIIGFP,B3,CD45neg_MHCIIlo,batch1,B6MHCIIGFP
B6MHCIIGFP_B4_S112_L001,B6MHCIIGFP,B4,CD45neg_MHCIIlo,batch1,B6MHCIIGFP
B6MHCIIGFP_B5_S113_L001,B6MHCIIGFP,B5,CD45neg_MHCIIlo,batch1,B6MHCIIGFP
B6MHCIIGFP_B6_S114_L001,B6MHCIIGFP,B6,CD45neg_MHCIIlo,batch1,B6MHCIIGFP
B6MHCIIGFP_B7_S115_L001,B6MHCIIGFP,B7,CD45neg_MHCIIlo,batch1,B6MHCIIGFP
B6MHCIIGFP_B8_S116_L001,B6MHCIIGFP,B8,CD45neg_MHCIIlo,batch1,B6MHCIIGFP
B6MHCIIGFP_B9_S117_L001,B6MHCIIGFP,B9,CD45neg_MHCIIlo,batch1,B6MHCIIGFP
B6MHCIIGFP_C1_S121_L001,B6MHCIIGFP,C1,CD45neg_MHCIIlo,batch1,B6MHCIIGFP
B6MHCIIGFP_C10_S130_L001,B6MHCIIGFP,C10,CD45neg_MHCIIlo,batch1,B6MHCIIGFP
B6MHCIIGFP_C11_S131_L001,B6MHCIIGFP,C11,CD45neg_MHCIIlo,batch1,B6MHCIIGFP
B6MHCIIGFP_C12_S132_L001,B6MHCIIGFP,C12,CD45neg_MHCIIlo,batch1,B6MHCIIGFP
B6MHCIIGFP_C2_S122_L001,B6MHCIIGFP,C2,CD45neg_MHCIIlo,batch1,B6MHCIIGFP
B6MHCIIGFP_C3_S123_L001,B6MHCIIGFP,C3,CD45neg_MHCIIlo,batch1,B6MHCIIGFP
B6MHCIIGFP_C4_S124_L001,B6MHCIIGFP,C4,CD45neg_MHCIIlo,batch1,B6MHCIIGFP
B6MHCIIGFP_C5_S125_L001,B6MHCIIGFP,C5,CD45neg_MHCIIlo,batch1,B6MHCIIGFP
B6MHCIIGFP_C6_S126_L001,B6MHCIIGFP,C6,CD45neg_MHCIIlo,batch1,B6MHCIIGFP
B6MHCIIGFP_C7_S127_L001,B6MHCIIGFP,C7,CD45neg_MHCIIlo,batch1,B6MHCIIGFP
B6MHCIIGFP_C8_S128_L001,B6MHCIIGFP,C8,CD45neg_MHCIIlo,batch1,B6MHCIIGFP
B6MHCIIGFP_C9_S129_L001,B6MHCIIGFP,C9,CD45neg_MHCIIlo,batch1,B6MHCIIGFP
B6MHCIIGFP_D1_S133_L001,B6MHCIIGFP,D1,CD45neg_MHCIIlo,batch1,B6MHCIIGFP
B6MHCIIGFP_D10_S142_L001,B6MHCIIGFP,D10,CD45neg_MHCIIlo,batch1,B6MHCIIGFP
B6MHCIIGFP_D11_S143_L001,B6MHCIIGFP,D11,CD45neg_MHCIIlo,batch1,B6MHCIIGFP
B6MHCIIGFP_D12_S144_L001,B6MHCIIGFP,D12,CD45neg_MHCIIlo,batch1,B6MHCIIGFP
B6MHCIIGFP_D2_S134_L001,B6MHCIIGFP,D2,CD45neg_MHCIIlo,batch1,B6MHCIIGFP
B6MHCIIGFP_D3_S135_L001,B6MHCIIGFP,D3,CD45neg_MHCIIlo,batch1,B6MHCIIGFP
B6MHCIIGFP_D4_S136_L001,B6MHCIIGFP,D4,CD45neg_MHCIIlo,batch1,B6MHCIIGFP
B6MHCIIGFP_D5_S137_L001,B6MHCIIGFP,D5,CD45neg_MHCIIlo,batch1,B6MHCIIGFP
B6MHCIIGFP_D6_S138_L001,B6MHCIIGFP,D6,CD45neg_MHCIIlo,batch1,B6MHCIIGFP
B6MHCIIGFP_D7_S139_L001,B6MHCIIGFP,D7,CD45neg_MHCIIlo,batch1,B6MHCIIGFP
B6MHCIIGFP_D8_S140_L001,B6MHCIIGFP,D8,CD45neg_MHCIIlo,batch1,B6MHCIIGFP
B6MHCIIGFP_D9_S141_L001,B6MHCIIGFP,D9,CD45neg_MHCIIlo,batch1,B6MHCIIGFP
B6MHCIIGFP_E1_S145_L001,B6MHCIIGFP,E1,CD45neg_MHCIIlo,batch1,B6MHCIIGFP
B6MHCIIGFP_E10_S154_L001,B6MHCIIGFP,E10,CD45neg_MHCIIhi,batch1,B6MHCIIGFP
B6MHCIIGFP_E11_S155_L001,B6MHCIIGFP,E11,CD45neg_MHCIIhi,batch1,B6MHCIIGFP
B6MHCIIGFP_E12_S156_L001,B6MHCIIGFP,E12,CD45neg_MHCIIhi,batch1,B6MHCIIGFP
B6MHCIIGFP_E2_S146_L001,B6MHCIIGFP,E2,CD45neg_MHCIIlo,batch1,B6MHCIIGFP
B6MHCIIGFP_E3_S147_L001,B6MHCIIGFP,E3,CD45neg_MHCIIlo,batch1,B6MHCIIGFP
B6MHCIIGFP_E4_S148_L001,B6MHCIIGFP,E4,CD45neg_MHCIIlo,batch1,B6MHCIIGFP
B6MHCIIGFP_E5_S149_L001,B6MHCIIGFP,E5,CD45neg_MHCIIlo,batch1,B6MHCIIGFP
B6MHCIIGFP_E6_S150_L001,B6MHCIIGFP,E6,CD45neg_MHCIIlo,batch1,B6MHCIIGFP
B6MHCIIGFP_E7_S151_L001,B6MHCIIGFP,E7,CD45neg_MHCIIhi,batch1,B6MHCIIGFP
B6MHCIIGFP_E8_S152_L001,B6MHCIIGFP,E8,CD45neg_MHCIIhi,batch1,B6MHCIIGFP
B6MHCIIGFP_E9_S153_L001,B6MHCIIGFP,E9,CD45neg_MHCIIhi,batch1,B6MHCIIGFP
B6MHCIIGFP_F1_S157_L001,B6MHCIIGFP,F1,CD45neg_MHCIIhi,batch1,B6MHCIIGFP
B6MHCIIGFP_F10_S166_L001,B6MHCIIGFP,F10,CD45neg_MHCIIhi,batch1,B6MHCIIGFP
B6MHCIIGFP_F11_S167_L001,B6MHCIIGFP,F11,CD45neg_MHCIIhi,batch1,B6MHCIIGFP
B6MHCIIGFP_F12_S168_L001,B6MHCIIGFP,F12,CD45neg_MHCIIhi,batch1,B6MHCIIGFP
B6MHCIIGFP_F2_S158_L001,B6MHCIIGFP,F2,CD45neg_MHCIIhi,batch1,B6MHCIIGFP
B6MHCIIGFP_F3_S159_L001,B6MHCIIGFP,F3,CD45neg_MHCIIhi,batch1,B6MHCIIGFP
B6MHCIIGFP_F4_S160_L001,B6MHCIIGFP,F4,CD45neg_MHCIIhi,batch1,B6MHCIIGFP
B6MHCIIGFP_F5_S161_L001,B6MHCIIGFP,F5,CD45neg_MHCIIhi,batch1,B6MHCIIGFP
B6MHCIIGFP_F6_S162_L001,B6MHCIIGFP,F6,CD45neg_MHCIIhi,batch1,B6MHCIIGFP
B6MHCIIGFP_F7_S163_L001,B6MHCIIGFP,F7,CD45neg_MHCIIhi,batch1,B6MHCIIGFP
B6MHCIIGFP_F8_S164_L001,B6MHCIIGFP,F8,CD45neg_MHCIIhi,batch1,B6MHCIIGFP
B6MHCIIGFP_F9_S165_L001,B6MHCIIGFP,F9,CD45neg_MHCIIhi,batch1,B6MHCIIGFP
B6MHCIIGFP_G1_S169_L001,B6MHCIIGFP,G1,CD45neg_MHCIIhi,batch1,B6MHCIIGFP
B6MHCIIGFP_G10_S178_L001,B6MHCIIGFP,G10,CD45neg_MHCIIhi,batch1,B6MHCIIGFP
B6MHCIIGFP_G11_S179_L001,B6MHCIIGFP,G11,CD45neg_MHCIIhi,batch1,B6MHCIIGFP
B6MHCIIGFP_G12_S180_L001,B6MHCIIGFP,G12,CD45neg_MHCIIhi,batch1,B6MHCIIGFP
B6MHCIIGFP_G2_S170_L001,B6MHCIIGFP,G2,CD45neg_MHCIIhi,batch1,B6MHCIIGFP
B6MHCIIGFP_G3_S171_L001,B6MHCIIGFP,G3,CD45neg_MHCIIhi,batch1,B6MHCIIGFP
B6MHCIIGFP_G4_S172_L001,B6MHCIIGFP,G4,CD45neg_MHCIIhi,batch1,B6MHCIIGFP
B6MHCIIGFP_G5_S173_L001,B6MHCIIGFP,G5,CD45neg_MHCIIhi,batch1,B6MHCIIGFP
B6MHCIIGFP_G6_S174_L001,B6MHCIIGFP,G6,CD45neg_MHCIIhi,batch1,B6MHCIIGFP
B6MHCIIGFP_G7_S175_L001,B6MHCIIGFP,G7,CD45neg_MHCIIhi,batch1,B6MHCIIGFP
B6MHCIIGFP_G8_S176_L001,B6MHCIIGFP,G8,CD45neg_MHCIIhi,batch1,B6MHCIIGFP
B6MHCIIGFP_G9_S177_L001,B6MHCIIGFP,G9,CD45neg_MHCIIhi,batch1,B6MHCIIGFP
NOD_A1_S188_L002,NOD,A1,CD45pos_MHCIIpos,batch2,NOD
NOD_A10_S197_L002,NOD,A10,CD45pos_MHCIIpos,batch2,NOD
NOD_A11_S198_L002,NOD,A11,CD45pos_MHCIIpos,batch2,NOD
NOD_A12_S199_L002,NOD,A12,CD45pos_MHCIIpos,batch2,NOD
NOD_A2_S189_L002,NOD,A2,CD45pos_MHCIIpos,batch2,NOD
NOD_A3_S190_L002,NOD,A3,CD45pos_MHCIIpos,batch2,NOD
NOD_A4_S191_L002,NOD,A4,CD45pos_MHCIIpos,batch2,NOD
NOD_A5_S192_L002,NOD,A5,CD45pos_MHCIIpos,batch2,NOD
NOD_A6_S193_L002,NOD,A6,CD45pos_MHCIIpos,batch2,NOD
NOD_A7_S194_L002,NOD,A7,CD45pos_MHCIIpos,batch2,NOD
NOD_A8_S195_L002,NOD,A8,CD45pos_MHCIIpos,batch2,NOD
NOD_A9_S196_L002,NOD,A9,CD45pos_MHCIIpos,batch2,NOD
NOD_B1_S200_L002,NOD,B1,CD45neg_MHCIIlo,batch2,NOD
NOD_B10_S209_L002,NOD,B10,CD45neg_MHCIIlo,batch2,NOD
NOD_B11_S210_L002,NOD,B11,CD45neg_MHCIIlo,batch2,NOD
NOD_B12_S211_L002,NOD,B12,CD45neg_MHCIIlo,batch2,NOD
NOD_B2_S201_L002,NOD,B2,CD45neg_MHCIIlo,batch2,NOD
NOD_B3_S202_L002,NOD,B3,CD45neg_MHCIIlo,batch2,NOD
NOD_B4_S203_L002,NOD,B4,CD45neg_MHCIIlo,batch2,NOD
NOD_B5_S204_L002,NOD,B5,CD45neg_MHCIIlo,batch2,NOD
NOD_B6_S205_L002,NOD,B6,CD45neg_MHCIIlo,batch2,NOD
NOD_B7_S206_L002,NOD,B7,CD45neg_MHCIIlo,batch2,NOD
NOD_B8_S207_L002,NOD,B8,CD45neg_MHCIIlo,batch2,NOD
NOD_B9_S208_L002,NOD,B9,CD45neg_MHCIIlo,batch2,NOD
NOD_C1_S212_L002,NOD,C1,CD45neg_MHCIIlo,batch2,NOD
NOD_C10_S221_L002,NOD,C10,CD45neg_MHCIIlo,batch2,NOD
NOD_C11_S222_L002,NOD,C11,CD45neg_MHCIIlo,batch2,NOD
NOD_C12_S223_L002,NOD,C12,CD45neg_MHCIIlo,batch2,NOD
NOD_C2_S213_L002,NOD,C2,CD45neg_MHCIIlo,batch2,NOD
NOD_C3_S214_L002,NOD,C3,CD45neg_MHCIIlo,batch2,NOD
NOD_C4_S215_L002,NOD,C4,CD45neg_MHCIIlo,batch2,NOD
NOD_C5_S216_L002,NOD,C5,CD45neg_MHCIIlo,batch2,NOD
NOD_C6_S217_L002,NOD,C6,CD45neg_MHCIIlo,batch2,NOD
NOD_C7_S218_L002,NOD,C7,CD45neg_MHCIIlo,batch2,NOD
NOD_C8_S219_L002,NOD,C8,CD45neg_MHCIIlo,batch2,NOD
NOD_C9_S220_L002,NOD,C9,CD45neg_MHCIIlo,batch2,NOD
NOD_D1_S224_L002,NOD,D1,CD45neg_MHCIIlo,batch2,NOD
NOD_D10_S233_L002,NOD,D10,CD45neg_MHCIIlo,batch2,NOD
NOD_D11_S234_L002,NOD,D11,CD45neg_MHCIIlo,batch2,NOD
NOD_D12_S235_L002,NOD,D12,CD45neg_MHCIIlo,batch2,NOD
NOD_D2_S225_L002,NOD,D2,CD45neg_MHCIIlo,batch2,NOD
NOD_D3_S226_L002,NOD,D3,CD45neg_MHCIIlo,batch2,NOD
NOD_D4_S227_L002,NOD,D4,CD45neg_MHCIIlo,batch2,NOD
NOD_D5_S228_L002,NOD,D5,CD45neg_MHCIIlo,batch2,NOD
NOD_D6_S229_L002,NOD,D6,CD45neg_MHCIIlo,batch2,NOD
NOD_D7_S230_L002,NOD,D7,CD45neg_MHCIIlo,batch2,NOD
NOD_D8_S231_L002,NOD,D8,CD45neg_MHCIIlo,batch2,NOD
NOD_D9_S232_L002,NOD,D9,CD45neg_MHCIIlo,batch2,NOD
NOD_E1_S236_L002,NOD,E1,CD45neg_MHCIIlo,batch2,NOD
NOD_E10_S245_L002,NOD,E10,CD45neg_MHCIIhi,batch2,NOD
NOD_E11_S246_L002,NOD,E11,CD45neg_MHCIIhi,batch2,NOD
NOD_E12_S247_L002,NOD,E12,CD45neg_MHCIIhi,batch2,NOD
NOD_E2_S237_L002,NOD,E2,CD45neg_MHCIIlo,batch2,NOD
NOD_E3_S238_L002,NOD,E3,CD45neg_MHCIIlo,batch2,NOD
NOD_E4_S239_L002,NOD,E4,CD45neg_MHCIIlo,batch2,NOD
NOD_E5_S240_L002,NOD,E5,CD45neg_MHCIIlo,batch2,NOD
NOD_E6_S241_L002,NOD,E6,CD45neg_MHCIIlo,batch2,NOD
NOD_E7_S242_L002,NOD,E7,CD45neg_MHCIIhi,batch2,NOD
NOD_E8_S243_L002,NOD,E8,CD45neg_MHCIIhi,batch2,NOD
NOD_E9_S244_L002,NOD,E9,CD45neg_MHCIIhi,batch2,NOD
NOD_F1_S248_L002,NOD,F1,CD45neg_MHCIIhi,batch2,NOD
NOD_F10_S257_L002,NOD,F10,CD45neg_MHCIIhi,batch2,NOD
NOD_F11_S258_L002,NOD,F11,CD45neg_MHCIIhi,batch2,NOD
NOD_F12_S259_L002,NOD,F12,CD45neg_MHCIIhi,batch2,NOD
NOD_F2_S249_L002,NOD,F2,CD45neg_MHCIIhi,batch2,NOD
NOD_F3_S250_L002,NOD,F3,CD45neg_MHCIIhi,batch2,NOD
NOD_F4_S251_L002,NOD,F4,CD45neg_MHCIIhi,batch2,NOD
NOD_F5_S252_L002,NOD,F5,CD45neg_MHCIIhi,batch2,NOD
NOD_F6_S253_L002,NOD,F6,CD45neg_MHCIIhi,batch2,NOD
NOD_F7_S254_L002,NOD,F7,CD45neg_MHCIIhi,batch2,NOD
NOD_F8_S255_L002,NOD,F8,CD45neg_MHCIIhi,batch2,NOD
NOD_F9_S256_L002,NOD,F9,CD45neg_MHCIIhi,batch2,NOD
NOD_G1_S260_L002,NOD,G1,CD45neg_MHCIIhi,batch2,NOD
NOD_G10_S269_L002,NOD,G10,CD45neg_MHCIIhi,batch2,NOD
NOD_G11_S270_L002,NOD,G11,CD45neg_MHCIIhi,batch2,NOD
NOD_G12_S271_L002,NOD,G12,CD45neg_MHCIIhi,batch2,NOD
NOD_G2_S261_L002,NOD,G2,CD45neg_MHCIIhi,batch2,NOD
NOD_G3_S262_L002,NOD,G3,CD45neg_MHCIIhi,batch2,NOD
NOD_G4_S263_L002,NOD,G4,CD45neg_MHCIIhi,batch2,NOD
NOD_G5_S264_L002,NOD,G5,CD45neg_MHCIIhi,batch2,NOD
NOD_G6_S265_L002,NOD,G6,CD45neg_MHCIIhi,batch2,NOD
NOD_G7_S266_L002,NOD,G7,CD45neg_MHCIIhi,batch2,NOD
NOD_G8_S267_L002,NOD,G8,CD45neg_MHCIIhi,batch2,NOD
NOD_G9_S268_L002,NOD,G9,CD45neg_MHCIIhi,batch2,NOD
NOD_H1_S272_L002,NOD,H1,CD45neg_MHCIIhi,batch2,NOD
NOD_H10_S281_L002,NOD,H10,CD45neg_MHCIIhi,batch2,NOD
NOD_H11_S282_L002,NOD,H11,CD45neg_MHCIIhi,batch2,NOD
NOD_H12_S283_L002,NOD,H12,CD45neg_MHCIIhi,batch2,NOD
NOD_H2_S273_L002,NOD,H2,CD45neg_MHCIIhi,batch2,NOD
NOD_H3_S274_L002,NOD,H3,CD45neg_MHCIIhi,batch2,NOD
NOD_H4_S275_L002,NOD,H4,CD45neg_MHCIIhi,batch2,NOD
NOD_H5_S276_L002,NOD,H5,CD45neg_MHCIIhi,batch2,NOD
NOD_H6_S277_L002,NOD,H6,CD45neg_MHCIIhi,batch2,NOD
NOD_H7_S278_L002,NOD,H7,CD45neg_MHCIIhi,batch2,NOD
NOD_H8_S279_L002,NOD,H8,CD45neg_MHCIIhi,batch2,NOD
NOD_H9_S280_L002,NOD,H9,CD45neg_MHCIIhi,batch2,NOD
NOD2_A1_S284_L002,NOD2,A1,CD45pos_MHCIIpos,batch2,NOD
NOD2_A10_S293_L002,NOD2,A10,CD45pos_MHCIIpos,batch2,NOD
NOD2_A11_S294_L002,NOD2,A11,CD45pos_MHCIIpos,batch2,NOD
NOD2_A12_S295_L002,NOD2,A12,CD45pos_MHCIIpos,batch2,NOD
NOD2_A2_S285_L002,NOD2,A2,CD45pos_MHCIIpos,batch2,NOD
NOD2_A3_S286_L002,NOD2,A3,CD45pos_MHCIIpos,batch2,NOD
NOD2_A4_S287_L002,NOD2,A4,CD45pos_MHCIIpos,batch2,NOD
NOD2_A5_S288_L002,NOD2,A5,CD45pos_MHCIIpos,batch2,NOD
NOD2_A6_S289_L002,NOD2,A6,CD45pos_MHCIIpos,batch2,NOD
NOD2_A7_S290_L002,NOD2,A7,CD45pos_MHCIIpos,batch2,NOD
NOD2_A8_S291_L002,NOD2,A8,CD45pos_MHCIIpos,batch2,NOD
NOD2_A9_S292_L002,NOD2,A9,CD45pos_MHCIIpos,batch2,NOD
NOD2_B1_S296_L002,NOD2,B1,CD45neg_MHCIIhi,batch2,NOD
NOD2_B10_S305_L002,NOD2,B10,CD45neg_MHCIIhi,batch2,NOD
NOD2_B11_S306_L002,NOD2,B11,CD45neg_MHCIIhi,batch2,NOD
NOD2_B12_S307_L002,NOD2,B12,CD45neg_MHCIIhi,batch2,NOD
NOD2_B2_S297_L002,NOD2,B2,CD45neg_MHCIIhi,batch2,NOD
NOD2_B3_S298_L002,NOD2,B3,CD45neg_MHCIIhi,batch2,NOD
NOD2_B4_S299_L002,NOD2,B4,CD45neg_MHCIIhi,batch2,NOD
NOD2_B5_S300_L002,NOD2,B5,CD45neg_MHCIIhi,batch2,NOD
NOD2_B6_S301_L002,NOD2,B6,CD45neg_MHCIIhi,batch2,NOD
NOD2_B7_S302_L002,NOD2,B7,CD45neg_MHCIIhi,batch2,NOD
NOD2_B8_S303_L002,NOD2,B8,CD45neg_MHCIIhi,batch2,NOD
NOD2_B9_S304_L002,NOD2,B9,CD45neg_MHCIIhi,batch2,NOD
NOD2_C1_S308_L002,NOD2,C1,CD45neg_MHCIIhi,batch2,NOD
NOD2_C10_S317_L002,NOD2,C10,CD45neg_MHCIIhi,batch2,NOD
NOD2_C11_S318_L002,NOD2,C11,CD45neg_MHCIIhi,batch2,NOD
NOD2_C12_S319_L002,NOD2,C12,CD45neg_MHCIIhi,batch2,NOD
NOD2_C2_S309_L002,NOD2,C2,CD45neg_MHCIIhi,batch2,NOD
NOD2_C3_S310_L002,NOD2,C3,CD45neg_MHCIIhi,batch2,NOD
NOD2_C4_S311_L002,NOD2,C4,CD45neg_MHCIIhi,batch2,NOD
NOD2_C5_S312_L002,NOD2,C5,CD45neg_MHCIIhi,batch2,NOD
NOD2_C6_S313_L002,NOD2,C6,CD45neg_MHCIIhi,batch2,NOD
NOD2_C7_S314_L002,NOD2,C7,CD45neg_MHCIIhi,batch2,NOD
NOD2_C8_S315_L002,NOD2,C8,CD45neg_MHCIIhi,batch2,NOD
NOD2_C9_S316_L002,NOD2,C9,CD45neg_MHCIIhi,batch2,NOD
NOD2_D1_S320_L002,NOD2,D1,CD45neg_MHCIIhi,batch2,NOD
NOD2_D10_S329_L002,NOD2,D10,CD45neg_MHCIIhi,batch2,NOD
NOD2_D11_S330_L002,NOD2,D11,CD45neg_MHCIIhi,batch2,NOD
NOD2_D12_S331_L002,NOD2,D12,CD45neg_MHCIIhi,batch2,NOD
NOD2_D2_S321_L002,NOD2,D2,CD45neg_MHCIIhi,batch2,NOD
NOD2_D3_S322_L002,NOD2,D3,CD45neg_MHCIIhi,batch2,NOD
NOD2_D4_S323_L002,NOD2,D4,CD45neg_MHCIIhi,batch2,NOD
NOD2_D5_S324_L002,NOD2,D5,CD45neg_MHCIIhi,batch2,NOD
NOD2_D6_S325_L002,NOD2,D6,CD45neg_MHCIIhi,batch2,NOD
NOD2_D7_S326_L002,NOD2,D7,CD45neg_MHCIIhi,batch2,NOD
NOD2_D8_S327_L002,NOD2,D8,CD45neg_MHCIIhi,batch2,NOD
NOD2_D9_S328_L002,NOD2,D9,CD45neg_MHCIIhi,batch2,NOD
NOD2_E1_S332_L002,NOD2,E1,CD45neg_MHCIIhi,batch2,NOD
NOD2_E10_S341_L002,NOD2,E10,CD45neg_MHCIIlo,batch2,NOD
NOD2_E11_S342_L002,NOD2,E11,CD45neg_MHCIIlo,batch2,NOD
NOD2_E12_S343_L002,NOD2,E12,CD45neg_MHCIIlo,batch2,NOD
NOD2_E2_S333_L002,NOD2,E2,CD45neg_MHCIIhi,batch2,NOD
NOD2_E3_S334_L002,NOD2,E3,CD45neg_MHCIIhi,batch2,NOD
NOD2_E4_S335_L002,NOD2,E4,CD45neg_MHCIIhi,batch2,NOD
NOD2_E5_S336_L002,NOD2,E5,CD45neg_MHCIIhi,batch2,NOD
NOD2_E6_S337_L002,NOD2,E6,CD45neg_MHCIIhi,batch2,NOD
NOD2_E7_S338_L002,NOD2,E7,CD45neg_MHCIIlo,batch2,NOD
NOD2_E8_S339_L002,NOD2,E8,CD45neg_MHCIIlo,batch2,NOD
NOD2_E9_S340_L002,NOD2,E9,CD45neg_MHCIIlo,batch2,NOD
NOD2_F1_S344_L002,NOD2,F1,CD45neg_MHCIIlo,batch2,NOD
NOD2_F10_S353_L002,NOD2,F10,CD45neg_MHCIIlo,batch2,NOD
NOD2_F11_S354_L002,NOD2,F11,CD45neg_MHCIIlo,batch2,NOD
NOD2_F12_S355_L002,NOD2,F12,CD45neg_MHCIIlo,batch2,NOD
NOD2_F2_S345_L002,NOD2,F2,CD45neg_MHCIIlo,batch2,NOD
NOD2_F3_S346_L002,NOD2,F3,CD45neg_MHCIIlo,batch2,NOD
NOD2_F4_S347_L002,NOD2,F4,CD45neg_MHCIIlo,batch2,NOD
NOD2_F5_S348_L002,NOD2,F5,CD45neg_MHCIIlo,batch2,NOD
NOD2_F6_S349_L002,NOD2,F6,CD45neg_MHCIIlo,batch2,NOD
NOD2_F7_S350_L002,NOD2,F7,CD45neg_MHCIIlo,batch2,NOD
NOD2_F8_S351_L002,NOD2,F8,CD45neg_MHCIIlo,batch2,NOD
NOD2_F9_S352_L002,NOD2,F9,CD45neg_MHCIIlo,batch2,NOD
NOD2_G1_S356_L002,NOD2,G1,CD45neg_MHCIIlo,batch2,NOD
NOD2_G10_S365_L002,NOD2,G10,CD45neg_MHCIIlo,batch2,NOD
NOD2_G11_S366_L002,NOD2,G11,CD45neg_MHCIIlo,batch2,NOD
NOD2_G12_S367_L002,NOD2,G12,CD45neg_MHCIIlo,batch2,NOD
NOD2_G2_S357_L002,NOD2,G2,CD45neg_MHCIIlo,batch2,NOD
NOD2_G3_S358_L002,NOD2,G3,CD45neg_MHCIIlo,batch2,NOD
NOD2_G4_S359_L002,NOD2,G4,CD45neg_MHCIIlo,batch2,NOD
NOD2_G5_S360_L002,NOD2,G5,CD45neg_MHCIIlo,batch2,NOD
NOD2_G6_S361_L002,NOD2,G6,CD45neg_MHCIIlo,batch2,NOD
NOD2_G7_S362_L002,NOD2,G7,CD45neg_MHCIIlo,batch2,NOD
NOD2_G8_S363_L002,NOD2,G8,CD45neg_MHCIIlo,batch2,NOD
NOD2_G9_S364_L002,NOD2,G9,CD45neg_MHCIIlo,batch2,NOD
NOD2_H1_S368_L002,NOD2,H1,CD45neg_MHCIIlo,batch2,NOD
NOD2_H10_S377_L002,NOD2,H10,CD45neg_MHCIIlo,batch2,NOD
NOD2_H11_S378_L002,NOD2,H11,CD45neg_MHCIIlo,batch2,NOD
NOD2_H12_S379_L002,NOD2,H12,CD45neg_MHCIIlo,batch2,NOD
NOD2_H2_S369_L002,NOD2,H2,CD45neg_MHCIIlo,batch2,NOD
NOD2_H3_S370_L002,NOD2,H3,CD45neg_MHCIIlo,batch2,NOD
NOD2_H4_S371_L002,NOD2,H4,CD45neg_MHCIIlo,batch2,NOD
NOD2_H5_S372_L002,NOD2,H5,CD45neg_MHCIIlo,batch2,NOD
NOD2_H6_S373_L002,NOD2,H6,CD45neg_MHCIIlo,batch2,NOD
NOD2_H7_S374_L002,NOD2,H7,CD45neg_MHCIIlo,batch2,NOD
NOD2_H8_S375_L002,NOD2,H8,CD45neg_MHCIIlo,batch2,NOD
NOD2_H9_S376_L002,NOD2,H9,CD45neg_MHCIIlo,batch2,NOD
NODPDL1_A1_S1_L001L002,NODPDL1,A1,CD45pos_MHCIIpos,batch3,NODPDL1
NODPDL1_A2_S2_L001L002,NODPDL1,A2,CD45pos_MHCIIpos,batch3,NODPDL1
NODPDL1_A3_S3_L001L002,NODPDL1,A3,CD45pos_MHCIIpos,batch3,NODPDL1
NODPDL1_A4_S4_L001L002,NODPDL1,A4,CD45pos_MHCIIpos,batch3,NODPDL1
NODPDL1_A5_S5_L001L002,NODPDL1,A5,CD45pos_MHCIIpos,batch3,NODPDL1
NODPDL1_A6_S6_L001L002,NODPDL1,A6,CD45pos_MHCIIpos,batch3,NODPDL1
NODPDL1_A7_S7_L001L002,NODPDL1,A7,CD45pos_MHCIIpos,batch3,NODPDL1
NODPDL1_A8_S8_L001L002,NODPDL1,A8,CD45pos_MHCIIpos,batch3,NODPDL1
NODPDL1_A9_S9_L001L002,NODPDL1,A9,CD45pos_MHCIIpos,batch3,NODPDL1
NODPDL1_A10_S10_L001L002,NODPDL1,A10,CD45pos_MHCIIpos,batch3,NODPDL1
NODPDL1_A11_S11_L001L002,NODPDL1,A11,CD45pos_MHCIIpos,batch3,NODPDL1
NODPDL1_A12_S12_L001L002,NODPDL1,A12,CD45pos_MHCIIpos,batch3,NODPDL1
NODPDL1_B1_S13_L001L002,NODPDL1,B1,CD45pos_MHCIIpos,batch3,NODPDL1
NODPDL1_B2_S14_L001L002,NODPDL1,B2,CD45pos_MHCIIpos,batch3,NODPDL1
NODPDL1_B3_S15_L001L002,NODPDL1,B3,CD45pos_MHCIIpos,batch3,NODPDL1
NODPDL1_B4_S16_L001L002,NODPDL1,B4,CD45pos_MHCIIpos,batch3,NODPDL1
NODPDL1_B5_S17_L001L002,NODPDL1,B5,CD45pos_MHCIIpos,batch3,NODPDL1
NODPDL1_B6_S18_L001L002,NODPDL1,B6,CD45pos_MHCIIpos,batch3,NODPDL1
NODPDL1_B7_S19_L001L002,NODPDL1,B7,CD45neg_MHCIIpos,batch3,NODPDL1
NODPDL1_B8_S20_L001L002,NODPDL1,B8,CD45neg_MHCIIpos,batch3,NODPDL1
NODPDL1_B9_S21_L001L002,NODPDL1,B9,CD45neg_MHCIIpos,batch3,NODPDL1
NODPDL1_B10_S22_L001L002,NODPDL1,B10,CD45neg_MHCIIpos,batch3,NODPDL1
NODPDL1_B11_S23_L001L002,NODPDL1,B11,CD45neg_MHCIIpos,batch3,NODPDL1
NODPDL1_B12_S24_L001L002,NODPDL1,B12,CD45neg_MHCIIpos,batch3,NODPDL1
NODPDL1_C1_S25_L001L002,NODPDL1,C1,CD45neg_MHCIIpos,batch3,NODPDL1
NODPDL1_C2_S26_L001L002,NODPDL1,C2,CD45neg_MHCIIpos,batch3,NODPDL1
NODPDL1_C3_S27_L001L002,NODPDL1,C3,CD45neg_MHCIIpos,batch3,NODPDL1
NODPDL1_C4_S28_L001L002,NODPDL1,C4,CD45neg_MHCIIpos,batch3,NODPDL1
NODPDL1_C5_S29_L001L002,NODPDL1,C5,CD45neg_MHCIIpos,batch3,NODPDL1
NODPDL1_C6_S30_L001L002,NODPDL1,C6,CD45neg_MHCIIpos,batch3,NODPDL1
NODPDL1_C7_S31_L001L002,NODPDL1,C7,CD45neg_MHCIIpos,batch3,NODPDL1
NODPDL1_C8_S32_L001L002,NODPDL1,C8,CD45neg_MHCIIpos,batch3,NODPDL1
NODPDL1_C9_S33_L001L002,NODPDL1,C9,CD45neg_MHCIIpos,batch3,NODPDL1
NODPDL1_C10_S34_L001L002,NODPDL1,C10,CD45neg_MHCIIpos,batch3,NODPDL1
NODPDL1_C11_S35_L001L002,NODPDL1,C11,CD45neg_MHCIIpos,batch3,NODPDL1
NODPDL1_C12_S36_L001L002,NODPDL1,C12,CD45neg_MHCIIpos,batch3,NODPDL1
NODPDL1_D1_S37_L001L002,NODPDL1,D1,CD45neg_MHCIIpos,batch3,NODPDL1
NODPDL1_D2_S38_L001L002,NODPDL1,D2,CD45neg_MHCIIpos,batch3,NODPDL1
NODPDL1_D3_S39_L001L002,NODPDL1,D3,CD45neg_MHCIIpos,batch3,NODPDL1
NODPDL1_D4_S40_L001L002,NODPDL1,D4,CD45neg_MHCIIpos,batch3,NODPDL1
NODPDL1_D5_S41_L001L002,NODPDL1,D5,CD45neg_MHCIIpos,batch3,NODPDL1
NODPDL1_D6_S42_L001L002,NODPDL1,D6,CD45neg_MHCIIpos,batch3,NODPDL1
NODPDL1_D7_S43_L001L002,NODPDL1,D7,CD45neg_MHCIIpos,batch3,NODPDL1
NODPDL1_D8_S44_L001L002,NODPDL1,D8,CD45neg_MHCIIpos,batch3,NODPDL1
NODPDL1_D9_S45_L001L002,NODPDL1,D9,CD45neg_MHCIIpos,batch3,NODPDL1
NODPDL1_D10_S46_L001L002,NODPDL1,D10,CD45neg_MHCIIpos,batch3,NODPDL1
NODPDL1_D11_S47_L001L002,NODPDL1,D11,CD45neg_MHCIIpos,batch3,NODPDL1
NODPDL1_D12_S48_L001L002,NODPDL1,D12,CD45neg_MHCIIpos,batch3,NODPDL1
NODPDL1_E1_S49_L001L002,NODPDL1,E1,CD45neg_MHCIIpos,batch3,NODPDL1
NODPDL1_E2_S50_L001L002,NODPDL1,E2,CD45neg_MHCIIpos,batch3,NODPDL1
NODPDL1_E3_S51_L001L002,NODPDL1,E3,CD45neg_MHCIIpos,batch3,NODPDL1
NODPDL1_E4_S52_L001L002,NODPDL1,E4,CD45neg_MHCIIpos,batch3,NODPDL1
NODPDL1_E5_S53_L001L002,NODPDL1,E5,CD45neg_MHCIIpos,batch3,NODPDL1
NODPDL1_E6_S54_L001L002,NODPDL1,E6,CD45neg_MHCIIpos,batch3,NODPDL1
NODPDL1_E7_S55_L001L002,NODPDL1,E7,CD45neg_MHCIIpos,batch3,NODPDL1
NODPDL1_E8_S56_L001L002,NODPDL1,E8,CD45neg_MHCIIpos,batch3,NODPDL1
NODPDL1_E9_S57_L001L002,NODPDL1,E9,CD45neg_MHCIIpos,batch3,NODPDL1
NODPDL1_E10_S58_L001L002,NODPDL1,E10,CD45neg_MHCIIpos,batch3,NODPDL1
NODPDL1_E11_S59_L001L002,NODPDL1,E11,CD45neg_MHCIIpos,batch3,NODPDL1
NODPDL1_E12_S60_L001L002,NODPDL1,E12,CD45neg_MHCIIpos,batch3,NODPDL1
NODPDL1_F1_S61_L001L002,NODPDL1,F1,CD45neg_MHCIIpos,batch3,NODPDL1
NODPDL1_F2_S62_L001L002,NODPDL1,F2,CD45neg_MHCIIpos,batch3,NODPDL1
NODPDL1_F3_S63_L001L002,NODPDL1,F3,CD45neg_MHCIIpos,batch3,NODPDL1
NODPDL1_F4_S64_L001L002,NODPDL1,F4,CD45neg_MHCIIpos,batch3,NODPDL1
NODPDL1_F5_S65_L001L002,NODPDL1,F5,CD45neg_MHCIIpos,batch3,NODPDL1
NODPDL1_F6_S66_L001L002,NODPDL1,F6,CD45neg_MHCIIpos,batch3,NODPDL1
NODPDL1_F7_S67_L001L002,NODPDL1,F7,CD45neg_MHCIIpos,batch3,NODPDL1
NODPDL1_F8_S68_L001L002,NODPDL1,F8,CD45neg_MHCIIpos,batch3,NODPDL1
NODPDL1_F9_S69_L001L002,NODPDL1,F9,CD45neg_MHCIIpos,batch3,NODPDL1
NODPDL1_F10_S70_L001L002,NODPDL1,F10,CD45neg_MHCIIpos,batch3,NODPDL1
NODPDL1_F11_S71_L001L002,NODPDL1,F11,CD45neg_MHCIIpos,batch3,NODPDL1
NODPDL1_F12_S72_L001L002,NODPDL1,F12,CD45neg_MHCIIpos,batch3,NODPDL1
NODPDL1_G1_S73_L001L002,NODPDL1,G1,CD45neg_MHCIIpos,batch3,NODPDL1
NODPDL1_G2_S74_L001L002,NODPDL1,G2,CD45neg_MHCIIpos,batch3,NODPDL1
NODPDL1_G3_S75_L001L002,NODPDL1,G3,CD45neg_MHCIIpos,batch3,NODPDL1
NODPDL1_G4_S76_L001L002,NODPDL1,G4,CD45neg_MHCIIpos,batch3,NODPDL1
NODPDL1_G5_S77_L001L002,NODPDL1,G5,CD45neg_MHCIIpos,batch3,NODPDL1
NODPDL1_G6_S78_L001L002,NODPDL1,G6,CD45neg_MHCIIpos,batch3,NODPDL1
NODPDL1_G7_S79_L001L002,NODPDL1,G7,CD45neg_MHCIIpos,batch3,NODPDL1
NODPDL1_G8_S80_L001L002,NODPDL1,G8,CD45neg_MHCIIpos,batch3,NODPDL1
NODPDL1_G9_S81_L001L002,NODPDL1,G9,CD45neg_MHCIIpos,batch3,NODPDL1
NODPDL1_G10_S82_L001L002,NODPDL1,G10,CD45neg_MHCIIpos,batch3,NODPDL1
NODPDL1_G11_S83_L001L002,NODPDL1,G11,CD45neg_MHCIIpos,batch3,NODPDL1
NODPDL1_G12_S84_L001L002,NODPDL1,G12,CD45neg_MHCIIpos,batch3,NODPDL1
NODPDL1_H1_S85_L001L002,NODPDL1,H1,CD45neg_MHCIIpos,batch3,NODPDL1
NODPDL1_H2_S86_L001L002,NODPDL1,H2,CD45neg_MHCIIpos,batch3,NODPDL1
NODPDL1_H3_S87_L001L002,NODPDL1,H3,CD45neg_MHCIIpos,batch3,NODPDL1
NODPDL1_H4_S88_L001L002,NODPDL1,H4,CD45neg_MHCIIpos,batch3,NODPDL1
NODPDL1_H5_S89_L001L002,NODPDL1,H5,CD45neg_MHCIIpos,batch3,NODPDL1
NODPDL1_H6_S90_L001L002,NODPDL1,H6,CD45neg_MHCIIpos,batch3,NODPDL1
NODPDL1_H7_S91_L001L002,NODPDL1,H7,CD45neg_MHCIIpos,batch3,NODPDL1
NODPDL1_H8_S92_L001L002,NODPDL1,H8,CD45neg_MHCIIpos,batch3,NODPDL1
NODPDL1_H9_S93_L001L002,NODPDL1,H9,CD45neg_MHCIIpos,batch3,NODPDL1
NODPDL1_H10_S94_L001L002,NODPDL1,H10,CD45neg_MHCIIpos,batch3,NODPDL1
NODPDL1_H11_S95_L001L002,NODPDL1,H11,CD45neg_MHCIIpos,batch3,NODPDL1
NODPDL1_H12_S96_L001L002,NODPDL1,H12,CD45neg_MHCIIpos,batch3,NODPDL1
NODCD31_A1_S67_L002,NODCD31,A1,CD45neg_MHCIIpos_CD31neg,batch4,NODCD31
NODCD31_A2_S68_L002,NODCD31,A2,CD45neg_MHCIIpos_CD31neg,batch4,NODCD31
NODCD31_A3_S69_L002,NODCD31,A3,CD45neg_MHCIIpos_CD31neg,batch4,NODCD31
NODCD31_A4_S70_L002,NODCD31,A4,CD45neg_MHCIIpos_CD31neg,batch4,NODCD31
NODCD31_A5_S71_L002,NODCD31,A5,CD45neg_MHCIIpos_CD31neg,batch4,NODCD31
NODCD31_A6_S72_L002,NODCD31,A6,CD45neg_MHCIIpos_CD31neg,batch4,NODCD31
NODCD31_A7_S73_L002,NODCD31,A7,CD45neg_MHCIIpos_CD31neg,batch4,NODCD31
NODCD31_A8_S74_L002,NODCD31,A8,CD45neg_MHCIIpos_CD31neg,batch4,NODCD31
NODCD31_A9_S75_L002,NODCD31,A9,CD45neg_MHCIIpos_CD31neg,batch4,NODCD31
NODCD31_A10_S76_L002,NODCD31,A10,CD45neg_MHCIIpos_CD31neg,batch4,NODCD31
NODCD31_A11_S77_L002,NODCD31,A11,CD45neg_MHCIIpos_CD31neg,batch4,NODCD31
NODCD31_A12_S78_L002,NODCD31,A12,CD45neg_MHCIIpos_CD31neg,batch4,NODCD31
NODCD31_B1_S79_L002,NODCD31,B1,CD45neg_MHCIIpos_CD31neg,batch4,NODCD31
NODCD31_B2_S80_L002,NODCD31,B2,CD45neg_MHCIIpos_CD31neg,batch4,NODCD31
NODCD31_B3_S81_L002,NODCD31,B3,CD45neg_MHCIIpos_CD31neg,batch4,NODCD31
NODCD31_B4_S82_L002,NODCD31,B4,CD45neg_MHCIIpos_CD31neg,batch4,NODCD31
NODCD31_B5_S83_L002,NODCD31,B5,CD45neg_MHCIIpos_CD31neg,batch4,NODCD31
NODCD31_B6_S84_L002,NODCD31,B6,CD45neg_MHCIIpos_CD31neg,batch4,NODCD31
NODCD31_B7_S85_L002,NODCD31,B7,CD45neg_MHCIIpos_CD31pos,batch4,NODCD31
NODCD31_B8_S86_L002,NODCD31,B8,CD45neg_MHCIIpos_CD31pos,batch4,NODCD31
NODCD31_B9_S87_L002,NODCD31,B9,CD45neg_MHCIIpos_CD31pos,batch4,NODCD31
NODCD31_B10_S88_L002,NODCD31,B10,CD45neg_MHCIIpos_CD31pos,batch4,NODCD31
NODCD31_B11_S89_L002,NODCD31,B11,CD45neg_MHCIIpos_CD31pos,batch4,NODCD31
NODCD31_B12_S90_L002,NODCD31,B12,CD45neg_MHCIIpos_CD31pos,batch4,NODCD31
NODCD31_C1_S91_L002,NODCD31,C1,CD45neg_MHCIIpos_CD31pos,batch4,NODCD31
NODCD31_C2_S92_L002,NODCD31,C2,CD45neg_MHCIIpos_CD31pos,batch4,NODCD31
NODCD31_C3_S93_L002,NODCD31,C3,CD45neg_MHCIIpos_CD31pos,batch4,NODCD31
NODCD31_C4_S94_L002,NODCD31,C4,CD45neg_MHCIIpos_CD31pos,batch4,NODCD31
NODCD31_C5_S95_L002,NODCD31,C5,CD45neg_MHCIIpos_CD31pos,batch4,NODCD31
NODCD31_C6_S96_L002,NODCD31,C6,CD45neg_MHCIIpos_CD31pos,batch4,NODCD31
NODCD31_C7_S97_L002,NODCD31,C7,CD45neg_MHCIIpos_CD31pos,batch4,NODCD31
NODCD31_C8_S98_L002,NODCD31,C8,CD45neg_MHCIIpos_CD31pos,batch4,NODCD31
NODCD31_C9_S99_L002,NODCD31,C9,CD45neg_MHCIIpos_CD31pos,batch4,NODCD31
NODCD31_C10_S100_L002,NODCD31,C10,CD45neg_MHCIIpos_CD31pos,batch4,NODCD31
NODCD31_C11_S101_L002,NODCD31,C11,CD45neg_MHCIIpos_CD31pos,batch4,NODCD31
NODCD31_C12_S102_L002,NODCD31,C12,CD45neg_MHCIIpos_CD31pos,batch4,NODCD31
NODCD31_D1_S103_L002,NODCD31,D1,CD45neg_MHCIIpos_CD31pos,batch4,NODCD31
NODCD31_D2_S104_L002,NODCD31,D2,CD45neg_MHCIIpos_CD31pos,batch4,NODCD31
NODCD31_D3_S105_L002,NODCD31,D3,CD45neg_MHCIIpos_CD31pos,batch4,NODCD31
NODCD31_D4_S106_L002,NODCD31,D4,CD45neg_MHCIIpos_CD31pos,batch4,NODCD31
NODCD31_D5_S107_L002,NODCD31,D5,CD45neg_MHCIIpos_CD31pos,batch4,NODCD31
NODCD31_D6_S108_L002,NODCD31,D6,CD45neg_MHCIIpos_CD31pos,batch4,NODCD31
NODCD31_D7_S109_L002,NODCD31,D7,CD45neg_MHCIIpos_CD31pos,batch4,NODCD31
NODCD31_D8_S110_L002,NODCD31,D8,CD45neg_MHCIIpos_CD31pos,batch4,NODCD31
NODCD31_D9_S111_L002,NODCD31,D9,CD45neg_MHCIIpos_CD31pos,batch4,NODCD31
NODCD31_D10_S112_L002,NODCD31,D10,CD45neg_MHCIIpos_CD31pos,batch4,NODCD31
NODCD31_D11_S113_L002,NODCD31,D11,CD45neg_MHCIIpos_CD31pos,batch4,NODCD31
NODCD31_D12_S114_L002,NODCD31,D12,CD45neg_MHCIIpos_CD31pos,batch4,NODCD31
NODCD31_E1_S115_L002,NODCD31,E1,CD45neg_MHCIIpos_CD31pos,batch4,NODCD31
NODCD31_E2_S116_L002,NODCD31,E2,CD45neg_MHCIIpos_CD31pos,batch4,NODCD31
NODCD31_E3_S117_L002,NODCD31,E3,CD45neg_MHCIIpos_CD31pos,batch4,NODCD31
NODCD31_E4_S118_L002,NODCD31,E4,CD45neg_MHCIIpos_CD31pos,batch4,NODCD31
NODCD31_E5_S119_L002,NODCD31,E5,CD45neg_MHCIIpos_CD31pos,batch4,NODCD31
NODCD31_E6_S120_L002,NODCD31,E6,CD45neg_MHCIIpos_CD31pos,batch4,NODCD31
NODCD31_E7_S121_L002,NODCD31,E7,CD45neg_MHCIIpos_CD31pos,batch4,NODCD31
NODCD31_E8_S122_L002,NODCD31,E8,CD45neg_MHCIIpos_CD31pos,batch4,NODCD31
NODCD31_E9_S123_L002,NODCD31,E9,CD45neg_MHCIIpos_CD31pos,batch4,NODCD31
NODCD31_E10_S124_L002,NODCD31,E10,CD45neg_MHCIIpos_CD31pos,batch4,NODCD31
NODCD31_E11_S125_L002,NODCD31,E11,CD45neg_MHCIIpos_CD31pos,batch4,NODCD31
NODCD31_E12_S126_L002,NODCD31,E12,CD45neg_MHCIIpos_CD31pos,batch4,NODCD31
NODCD31_F1_S127_L002,NODCD31,F1,CD45neg_MHCIIpos_CD31pos,batch4,NODCD31
NODCD31_F2_S128_L002,NODCD31,F2,CD45neg_MHCIIpos_CD31pos,batch4,NODCD31
NODCD31_F3_S129_L002,NODCD31,F3,CD45neg_MHCIIpos_CD31pos,batch4,NODCD31
NODCD31_F4_S130_L002,NODCD31,F4,CD45neg_MHCIIpos_CD31pos,batch4,NODCD31
NODCD31_F5_S131_L002,NODCD31,F5,CD45neg_MHCIIpos_CD31pos,batch4,NODCD31
NODCD31_F6_S132_L002,NODCD31,F6,CD45neg_MHCIIpos_CD31pos,batch4,NODCD31
NODCD31_F7_S133_L002,NODCD31,F7,CD45neg_MHCIIpos_CD31pos,batch4,NODCD31
NODCD31_F8_S134_L002,NODCD31,F8,CD45neg_MHCIIpos_CD31pos,batch4,NODCD31
NODCD31_F9_S135_L002,NODCD31,F9,CD45neg_MHCIIpos_CD31pos,batch4,NODCD31
NODCD31_F10_S136_L002,NODCD31,F10,CD45neg_MHCIIpos_CD31pos,batch4,NODCD31
NODCD31_F11_S137_L002,NODCD31,F11,CD45neg_MHCIIpos_CD31pos,batch4,NODCD31
NODCD31_F12_S138_L002,NODCD31,F12,CD45neg_MHCIIpos_CD31pos,batch4,NODCD31
NODCD31_G1_S139_L002,NODCD31,G1,CD45neg_MHCIIpos_CD31pos,batch4,NODCD31
NODCD31_G2_S140_L002,NODCD31,G2,CD45neg_MHCIIpos_CD31pos,batch4,NODCD31
NODCD31_G3_S141_L002,NODCD31,G3,CD45neg_MHCIIpos_CD31pos,batch4,NODCD31
NODCD31_G4_S142_L002,NODCD31,G4,CD45neg_MHCIIpos_CD31pos,batch4,NODCD31
NODCD31_G5_S143_L002,NODCD31,G5,CD45neg_MHCIIpos_CD31pos,batch4,NODCD31
NODCD31_G6_S144_L002,NODCD31,G6,CD45neg_MHCIIpos_CD31pos,batch4,NODCD31
NODCD31_G7_S145_L002,NODCD31,G7,CD45neg_MHCIIpos_CD31pos,batch4,NODCD31
NODCD31_G8_S146_L002,NODCD31,G8,CD45neg_MHCIIpos_CD31pos,batch4,NODCD31
NODCD31_G9_S147_L002,NODCD31,G9,CD45neg_MHCIIpos_CD31pos,batch4,NODCD31
NODCD31_G10_S148_L002,NODCD31,G10,CD45neg_MHCIIpos_CD31pos,batch4,NODCD31
NODCD31_G11_S149_L002,NODCD31,G11,CD45neg_MHCIIpos_CD31pos,batch4,NODCD31
NODCD31_G12_S150_L002,NODCD31,G12,CD45neg_MHCIIpos_CD31pos,batch4,NODCD31
NODCD31_H1_S151_L002,NODCD31,H1,CD45neg_MHCIIpos_CD31pos,batch4,NODCD31
NODCD31_H2_S152_L002,NODCD31,H2,CD45neg_MHCIIpos_CD31pos,batch4,NODCD31
NODCD31_H3_S153_L002,NODCD31,H3,CD45neg_MHCIIpos_CD31pos,batch4,NODCD31
NODCD31_H4_S154_L002,NODCD31,H4,CD45neg_MHCIIpos_CD31pos,batch4,NODCD31
NODCD31_H5_S155_L002,NODCD31,H5,CD45neg_MHCIIpos_CD31pos,batch4,NODCD31
NODCD31_H6_S156_L002,NODCD31,H6,CD45neg_MHCIIpos_CD31pos,batch4,NODCD31
NODCD31_H7_S157_L002,NODCD31,H7,CD45neg_MHCIIpos_CD31pos,batch4,NODCD31
NODCD31_H8_S158_L002,NODCD31,H8,CD45neg_MHCIIpos_CD31pos,batch4,NODCD31
NODCD31_H9_S159_L002,NODCD31,H9,CD45neg_MHCIIpos_CD31pos,batch4,NODCD31
NODCD31_H10_S160_L002,NODCD31,H10,CD45neg_MHCIIpos_CD31pos,batch4,NODCD31
NODCD31_H11_S161_L002,NODCD31,H11,CD45neg_MHCIIpos_CD31pos,batch4,NODCD31
NODCD31_H12_S162_L002,NODCD31,H12,CD45neg_MHCIIpos_CD31pos,batch4,NODCD31
